tx_id,timestamp,chain_id,scenario,transaction_type,asset_type,source_entity,source_type,source_bank,destination_entity,destination_type,destination_bank,currency,amount,amount_inr,crypto_asset,crypto_amount,crypto_price_inr,nft_id,nft_collection,nft_marketplace,nft_sale_price_inr,channel,parent_tx_id,block_reference
TX0024,2026-06-14 14:09:00,,normal,fiat_transfer,FIAT,CN_E01,BANK_ACCOUNT,Canara Bank,YS_B03,BANK_ACCOUNT,Yes Bank,INR,1000.0,1000.0,,,,,,,,UPI,,
TX0008,2026-06-15 08:59:00,,normal,fiat_transfer,FIAT,CN_E03,BANK_ACCOUNT,Canara Bank,BOI_C02,BANK_ACCOUNT,Bank of India,INR,10000.0,10000.0,,,,,,,,UPI,,
TX0002,2026-06-15 15:35:00,,normal,fiat_transfer,FIAT,AX_A04,BANK_ACCOUNT,Axis Bank,YS_B01,BANK_ACCOUNT,Yes Bank,INR,500.0,500.0,,,,,,,,UPI,,
TX0025,2026-06-15 16:51:00,CHAIN_BANK_LAYERING_01,cross_bank_layering,fiat_transfer,FIAT,AX_A01,BANK_ACCOUNT,Axis Bank,YS_B01,BANK_ACCOUNT,Yes Bank,INR,50000.0,50000.0,,,,,,,,UPI,,
TX0026,2026-06-15 16:51:12,CHAIN_BANK_LAYERING_01,cross_bank_layering,fiat_transfer,FIAT,YS_B01,BANK_ACCOUNT,Yes Bank,BOI_C01,BANK_ACCOUNT,Bank of India,INR,49000.0,49000.0,,,,,,,,UPI,TX0025,
TX0027,2026-06-15 16:51:23,CHAIN_BANK_LAYERING_01,cross_bank_layering,fiat_transfer,FIAT,BOI_C01,BANK_ACCOUNT,Bank of India,IC_D01,BANK_ACCOUNT,ICICI Bank,INR,48000.0,48000.0,,,,,,,,UPI,TX0026,
TX0028,2026-06-15 16:51:31,CHAIN_BANK_LAYERING_01,cross_bank_layering,fiat_transfer,FIAT,IC_D01,BANK_ACCOUNT,ICICI Bank,CN_E01,BANK_ACCOUNT,Canara Bank,INR,47000.0,47000.0,,,,,,,,UPI,TX0027,
TX0009,2026-06-15 17:34:00,,normal,fiat_transfer,FIAT,AX_A03,BANK_ACCOUNT,Axis Bank,BOI_C01,BANK_ACCOUNT,Bank of India,INR,1200.0,1200.0,,,,,,,,UPI,,
TX0005,2026-06-15 17:54:00,,normal,fiat_transfer,FIAT,BOI_C02,BANK_ACCOUNT,Bank of India,IC_D01,BANK_ACCOUNT,ICICI Bank,INR,2000.0,2000.0,,,,,,,,UPI,,
TX0020,2026-06-15 21:16:00,,normal,fiat_transfer,FIAT,CN_E03,BANK_ACCOUNT,Canara Bank,BOI_C01,BANK_ACCOUNT,Bank of India,INR,7500.0,7500.0,,,,,,,,UPI,,
TX0001,2026-06-16 04:06:00,,normal,fiat_transfer,FIAT,AX_A03,BANK_ACCOUNT,Axis Bank,YS_B02,BANK_ACCOUNT,Yes Bank,INR,1200.0,1200.0,,,,,,,,UPI,,
TX0018,2026-06-16 07:44:00,,normal,fiat_transfer,FIAT,YS_B01,BANK_ACCOUNT,Yes Bank,CN_E01,BANK_ACCOUNT,Canara Bank,INR,750.0,750.0,,,,,,,,UPI,,
TX0011,2026-06-16 12:43:00,,normal,fiat_transfer,FIAT,BOI_C03,BANK_ACCOUNT,Bank of India,YS_B01,BANK_ACCOUNT,Yes Bank,INR,5000.0,5000.0,,,,,,,,UPI,,
TX0014,2026-06-16 23:36:00,,normal,fiat_transfer,FIAT,AX_A04,BANK_ACCOUNT,Axis Bank,IC_D02,BANK_ACCOUNT,ICICI Bank,INR,750.0,750.0,,,,,,,,UPI,,
TX0017,2026-06-17 01:53:00,,normal,fiat_transfer,FIAT,CN_E03,BANK_ACCOUNT,Canara Bank,IC_D02,BANK_ACCOUNT,ICICI Bank,INR,2000.0,2000.0,,,,,,,,UPI,,
TX0013,2026-06-17 04:32:00,,normal,fiat_transfer,FIAT,CN_E03,BANK_ACCOUNT,Canara Bank,YS_B03,BANK_ACCOUNT,Yes Bank,INR,500.0,500.0,,,,,,,,UPI,,
TX0029,2026-06-17 11:00:00,,smurfing,fiat_transfer,FIAT,AX_A02,BANK_ACCOUNT,Axis Bank,YS_B03,BANK_ACCOUNT,Yes Bank,INR,18000.0,18000.0,,,,,,,,UPI,,
TX0030,2026-06-17 11:00:01,,smurfing,fiat_transfer,FIAT,AX_A03,BANK_ACCOUNT,Axis Bank,YS_B03,BANK_ACCOUNT,Yes Bank,INR,17000.0,17000.0,,,,,,,,UPI,,
TX0031,2026-06-17 11:00:02,,smurfing,fiat_transfer,FIAT,AX_A02,BANK_ACCOUNT,Axis Bank,YS_B03,BANK_ACCOUNT,Yes Bank,INR,16000.0,16000.0,,,,,,,,UPI,,
TX0032,2026-06-17 11:00:03,,smurfing,fiat_transfer,FIAT,AX_A03,BANK_ACCOUNT,Axis Bank,YS_B03,BANK_ACCOUNT,Yes Bank,INR,15000.0,15000.0,,,,,,,,UPI,,
TX0016,2026-06-17 13:44:00,,normal,fiat_transfer,FIAT,YS_B02,BANK_ACCOUNT,Yes Bank,IC_D01,BANK_ACCOUNT,ICICI Bank,INR,10000.0,10000.0,,,,,,,,UPI,,
TX0022,2026-06-17 13:55:00,,normal,fiat_transfer,FIAT,IC_D02,BANK_ACCOUNT,ICICI Bank,YS_B01,BANK_ACCOUNT,Yes Bank,INR,10000.0,10000.0,,,,,,,,UPI,,
TX0006,2026-06-17 14:13:00,,normal,fiat_transfer,FIAT,AX_A01,BANK_ACCOUNT,Axis Bank,CN_E02,BANK_ACCOUNT,Canara Bank,INR,2000.0,2000.0,,,,,,,,UPI,,
TX0012,2026-06-17 15:42:00,,normal,fiat_transfer,FIAT,CN_E01,BANK_ACCOUNT,Canara Bank,YS_B04,BANK_ACCOUNT,Yes Bank,INR,2500.0,2500.0,,,,,,,,UPI,,
TX0007,2026-06-17 22:03:00,,normal,fiat_transfer,FIAT,AX_A01,BANK_ACCOUNT,Axis Bank,CN_E02,BANK_ACCOUNT,Canara Bank,INR,750.0,750.0,,,,,,,,UPI,,
TX0021,2026-06-17 22:08:00,,normal,fiat_transfer,FIAT,CN_E03,BANK_ACCOUNT,Canara Bank,BOI_C03,BANK_ACCOUNT,Bank of India,INR,750.0,750.0,,,,,,,,UPI,,
TX0023,2026-06-17 23:29:00,,normal,fiat_transfer,FIAT,CN_E03,BANK_ACCOUNT,Canara Bank,YS_B01,BANK_ACCOUNT,Yes Bank,INR,7500.0,7500.0,,,,,,,,UPI,,
TX0033,2026-06-18 09:00:00,CHAIN_CRYPTO_DEPOSIT_01,crypto_deposit,fiat_to_crypto,CRYPTO,BOI_C02,BANK_ACCOUNT,Bank of India,ExchangeAlpha_Synthetic,CRYPTO_EXCHANGE,,INR,92000.0,92000.0,USDT,1000.0,92.0,,,,,UPI,,
TX0034,2026-06-18 09:00:40,CHAIN_CRYPTO_DEPOSIT_01,crypto_deposit,crypto_transfer,CRYPTO,ExchangeAlpha_Synthetic,CRYPTO_EXCHANGE,,WALLET_0001,CRYPTO_WALLET,,USDT,1000.0,92000.0,USDT,990.0,92.0,,,,,UPI,TX0033,
TX0035,2026-06-18 10:00:00,CHAIN_CRYPTO_MULTIWALLET_01,crypto_multi_wallet,crypto_transfer,CRYPTO,WALLET_0002,CRYPTO_WALLET,,WALLET_0003,CRYPTO_WALLET,,ETH,2.5,775000.0,ETH,2.5,310000.0,,,,,UPI,,
TX0036,2026-06-18 10:00:15,CHAIN_CRYPTO_MULTIWALLET_01,crypto_multi_wallet,crypto_transfer,CRYPTO,WALLET_0003,CRYPTO_WALLET,,WALLET_0004,CRYPTO_WALLET,,ETH,2.45,759500.0,ETH,2.45,310000.0,,,,,UPI,TX0035,
TX0037,2026-06-18 10:00:31,CHAIN_CRYPTO_MULTIWALLET_01,crypto_multi_wallet,crypto_transfer,CRYPTO,WALLET_0004,CRYPTO_WALLET,,WALLET_0005,CRYPTO_WALLET,,ETH,2.4,744000.0,ETH,2.4,310000.0,,,,,UPI,TX0036,
TX0010,2026-06-18 19:05:00,,normal,fiat_transfer,FIAT,IC_D02,BANK_ACCOUNT,ICICI Bank,BOI_C03,BANK_ACCOUNT,Bank of India,INR,1000.0,1000.0,,,,,,,,UPI,,
TX0003,2026-06-19 08:33:00,,normal,fiat_transfer,FIAT,YS_B01,BANK_ACCOUNT,Yes Bank,BOI_C02,BANK_ACCOUNT,Bank of India,INR,10000.0,10000.0,,,,,,,,UPI,,
TX0004,2026-06-19 09:24:00,,normal,fiat_transfer,FIAT,YS_B03,BANK_ACCOUNT,Yes Bank,CN_E01,BANK_ACCOUNT,Canara Bank,INR,1000.0,1000.0,,,,,,,,UPI,,
TX0038,2026-06-19 15:30:00,CHAIN_BANK_CRYPTO_EXIT_01,bank_crypto_exit,fiat_to_crypto,FIAT,IC_D02,BANK_ACCOUNT,ICICI Bank,ExchangeBeta_Synthetic,CRYPTO_EXCHANGE,,INR,60000.0,60000.0,,,,,,,,UPI,,
TX0039,2026-06-19 15:30:18,CHAIN_BANK_CRYPTO_EXIT_01,bank_crypto_exit,crypto_transfer,CRYPTO,ExchangeBeta_Synthetic,CRYPTO_EXCHANGE,,WALLET_0006,CRYPTO_WALLET,,USDT,640.0,58880.0,USDT,640.0,92.0,,,,,UPI,TX0038,
TX0040,2026-06-19 15:30:33,CHAIN_BANK_CRYPTO_EXIT_01,bank_crypto_exit,crypto_transfer,CRYPTO,WALLET_0006,CRYPTO_WALLET,,ExchangeGamma_Synthetic,CRYPTO_EXCHANGE,,USDT,635.0,58420.0,USDT,635.0,92.0,,,,,UPI,TX0039,
TX0041,2026-06-19 15:30:52,CHAIN_BANK_CRYPTO_EXIT_01,bank_crypto_exit,crypto_to_fiat,FIAT,ExchangeGamma_Synthetic,CRYPTO_EXCHANGE,,CN_E02,BANK_ACCOUNT,Canara Bank,INR,57000.0,57000.0,,,,,,,,UPI,TX0040,
TX0015,2026-06-19 19:17:00,,normal,fiat_transfer,FIAT,CN_E01,BANK_ACCOUNT,Canara Bank,BOI_C04,BANK_ACCOUNT,Bank of India,INR,2500.0,2500.0,,,,,,,,UPI,,
TX0019,2026-06-19 21:48:00,,normal,fiat_transfer,FIAT,YS_B01,BANK_ACCOUNT,Yes Bank,CN_E02,BANK_ACCOUNT,Canara Bank,INR,2500.0,2500.0,,,,,,,,UPI,,
TX0042,2026-06-20 12:00:00,CHAIN_NFT_PURCHASE_01,nft_purchase,nft_purchase,NFT,WALLET_0007,CRYPTO_WALLET,,WALLET_0008,CRYPTO_WALLET,,ETH,0.4,124000.0,ETH,0.4,310000.0,NFT_001,SyntheticApes,MarketplaceOne_Synthetic,124000.0,UPI,,
TX0043,2026-06-21 18:00:00,CHAIN_NFT_WASH_01,nft_price_escalation,nft_transfer,NFT,WALLET_0009,CRYPTO_WALLET,,WALLET_0010,CRYPTO_WALLET,,INR,10000.0,10000.0,,,,NFT_002,PixelDeeds,MarketplaceTwo_Synthetic,10000.0,UPI,,
TX0044,2026-06-21 18:00:20,CHAIN_NFT_WASH_01,nft_price_escalation,nft_transfer,NFT,WALLET_0010,CRYPTO_WALLET,,WALLET_0011,CRYPTO_WALLET,,INR,50000.0,50000.0,,,,NFT_002,PixelDeeds,MarketplaceTwo_Synthetic,50000.0,UPI,TX0043,
TX0045,2026-06-21 18:00:45,CHAIN_NFT_WASH_01,nft_price_escalation,nft_transfer,NFT,WALLET_0011,CRYPTO_WALLET,,WALLET_0009,CRYPTO_WALLET,,INR,150000.0,150000.0,,,,NFT_002,PixelDeeds,MarketplaceTwo_Synthetic,150000.0,UPI,TX0044,
TX0046,2026-06-22 09:00:00,CHAIN_CROSS_ECOSYSTEM_DEMO_01,cross_ecosystem,fiat_transfer,FIAT,CN_E03,BANK_ACCOUNT,Canara Bank,AX_A04,BANK_ACCOUNT,Axis Bank,INR,100000.0,100000.0,,,,,,,,UPI,,
TX0047,2026-06-22 09:00:14,CHAIN_CROSS_ECOSYSTEM_DEMO_01,cross_ecosystem,fiat_to_crypto,CRYPTO,AX_A04,BANK_ACCOUNT,Axis Bank,ExchangeAlpha_Synthetic,CRYPTO_EXCHANGE,,INR,98000.0,98000.0,USDT,1065.2173913043478,92.0,,,,,UPI,TX0046,
TX0048,2026-06-22 09:00:29,CHAIN_CROSS_ECOSYSTEM_DEMO_01,cross_ecosystem,crypto_transfer,CRYPTO,ExchangeAlpha_Synthetic,CRYPTO_EXCHANGE,,WALLET_0012,CRYPTO_WALLET,,USDT,1030.0,94760.0,USDT,1030.0,92.0,,,,,UPI,TX0047,
TX0049,2026-06-22 09:00:44,CHAIN_CROSS_ECOSYSTEM_DEMO_01,cross_ecosystem,crypto_transfer,CRYPTO,WALLET_0012,CRYPTO_WALLET,,WALLET_0013,CRYPTO_WALLET,,USDT,1020.0,93840.0,USDT,1020.0,92.0,,,,,UPI,TX0048,
TX0050,2026-06-22 09:00:59,CHAIN_CROSS_ECOSYSTEM_DEMO_01,cross_ecosystem,crypto_transfer,CRYPTO,WALLET_0013,CRYPTO_WALLET,,WALLET_0014,CRYPTO_WALLET,,USDT,1010.0,92920.0,USDT,1010.0,92.0,,,,,UPI,TX0049,
TX0051,2026-06-22 09:01:20,CHAIN_CROSS_ECOSYSTEM_DEMO_01,cross_ecosystem,nft_purchase,NFT,WALLET_0014,CRYPTO_WALLET,,MarketplaceOne_Synthetic,NFT_MARKETPLACE,,INR,93000.0,93000.0,,,,NFT_003,GhostGrid,MarketplaceOne_Synthetic,93000.0,UPI,TX0050,
TX0052,2026-06-22 09:01:35,CHAIN_CROSS_ECOSYSTEM_DEMO_01,cross_ecosystem,nft_transfer,NFT,MarketplaceOne_Synthetic,NFT_MARKETPLACE,,WALLET_0015,CRYPTO_WALLET,,INR,0.0,0.0,,,,NFT_003,GhostGrid,MarketplaceOne_Synthetic,,UPI,TX0051,
TX0053,2026-06-22 09:01:50,CHAIN_CROSS_ECOSYSTEM_DEMO_01,cross_ecosystem,crypto_transfer,CRYPTO,WALLET_0015,CRYPTO_WALLET,,ExchangeGamma_Synthetic,CRYPTO_EXCHANGE,,USDT,995.0,91540.0,USDT,995.0,92.0,,,,,UPI,TX0052,
TX0054,2026-06-22 09:02:13,CHAIN_CROSS_ECOSYSTEM_DEMO_01,cross_ecosystem,crypto_to_fiat,FIAT,ExchangeGamma_Synthetic,CRYPTO_EXCHANGE,,BOI_C03,BANK_ACCOUNT,Bank of India,INR,90600.0,90600.0,,,,,,,,UPI,TX0053,
